{
  "project_info": {
    "project_number": "848595199531",
    "firebase_url": "https://meow-48bef.firebaseio.com",
    "project_id": "meow-48bef",
    "storage_bucket": "meow-48bef.appspot.com"
  },
  "client": [
    {
      "client_info": {
        "mobilesdk_app_id": "1:848595199531:android:0bfeeeae05e6d105ce6c6e",
        "android_client_info": {
          "package_name": "com.lablabla.meow"
        }
      },
      "oauth_client": [
        {
          "client_id": "848595199531-8ri0703ilu2jp444mep35l1e3q0qe3iv.apps.googleusercontent.com",
          "client_type": 1,
          "android_info": {
            "package_name": "com.lablabla.meow",
            "certificate_hash": "a4d52a04ab458f52f9589384b157313e9a7be895"
          }
        },
        {
          "client_id": "848595199531-3n1tcv3q899at86u2d723llmuouvlo1m.apps.googleusercontent.com",
          "client_type": 3
        }
      ],
      "api_key": [
        {
          "current_key": "AIzaSyB59loF12qdUcbefy-5uVK8jhh3ib2YFjw"
        }
      ],
      "services": {
        "appinvite_service": {
          "other_platform_oauth_client": [
            {
              "client_id": "848595199531-3n1tcv3q899at86u2d723llmuouvlo1m.apps.googleusercontent.com",
              "client_type": 3
            }
          ]
        }
      }
    }
  ],
  "configuration_version": "1"
}